# Argentina,Australia,Brazil,Canada,Egypt,Germany,Greece,Iceland,India,Japan,Mexico,New_Zealand,Nigeria,Papua_New_Guinea,Peru,Saudi_Arabia,South_Africa,United_States
43,0,3,0,0,0,0,0,4,0,0,0,0,2,6,0,0,2
0,57,0,0,0,0,0,0,1,0,0,1,0,0,0,0,0,1
1,1,38,2,0,0,2,2,0,5,4,0,2,1,1,0,0,1
2,1,0,47,1,1,1,0,0,1,0,1,0,0,0,0,0,5
0,0,0,0,51,0,1,0,2,0,1,0,0,0,1,2,0,2
1,1,0,3,0,46,0,0,2,2,1,2,0,0,0,0,0,2
1,0,0,0,0,1,50,0,1,5,0,1,0,0,1,0,0,0
1,0,0,0,0,0,1,58,0,0,0,0,0,0,0,0,0,0
1,0,0,0,0,1,1,0,53,1,1,0,0,1,1,0,0,0
0,1,0,0,0,1,1,0,1,51,1,4,0,0,0,0,0,0
1,0,0,0,1,0,2,1,1,2,42,2,0,3,1,0,0,4
0,1,2,0,0,1,0,1,1,5,0,48,0,0,1,0,0,0
0,1,0,0,1,0,0,0,2,0,1,0,54,1,0,0,0,0
0,0,0,0,0,0,1,0,1,0,0,0,0,57,0,1,0,0
0,0,1,0,0,0,4,0,3,1,2,0,1,0,47,0,0,1
0,0,0,0,1,1,0,0,0,0,0,0,0,0,0,58,0,0
2,1,1,1,0,0,1,0,0,1,2,0,1,0,0,0,46,4
0,0,2,2,1,1,2,0,1,3,1,1,0,0,0,1,2,43
